[
  { "name": "Exterior Paint", "note": "Sherwin Williams SW7005 Pure White", "link": "https://www.sherwin-williams.com/en-us/color/color-family/white-paint-colors/sw7005-pure-white", "image": "exterior-paint.jpg" },
  { "name": "Exterior Trim", "note": "Sherwin Williams SW7005 Pure White", "link": "https://www.sherwin-williams.com/en-us/color/color-family/white-paint-colors/sw7005-pure-white", "image": "exterior-trim.jpg" },
  { "name": "Interior Paint", "note": "Sherwin Williams SW7029 Agreeable Gray", "link": "https://www.sherwin-williams.com/en-us/color/color-family/neutral-paint-colors/SW7029-agreeable-gray", "image": "interior-paint.jpg" },
  { "name": "Interior Trim Paint", "note": "Sherwin Williams SW7005 Pure White", "link": "https://www.sherwin-williams.com/en-us/color/color-family/white-paint-colors/sw7005-pure-white", "image": "interior-trim-paint.jpg" },
  { "name": "Stain", "note": "Sherwin Williams SW3522SS Banyon Brown", "link": "https://www.sherwin-williams.com/homeowners/color/find-and-explore-colors/paint-colors-by-family/SW3522SS-banyan-brown", "image": "stain.jpg" },
  { "name": "Carpet", "note": "Shaw Venture Total- Windy City", "link": "https://shawpropertysolutions.com/pdp/carpets/venture-tonal/windy-city/pz056-00521", "image": "carpet.jpg" },
  { "name": "LVP", "note": "Shaw Optimum 512C Plus- Spalted Maple", "link": "https://shawbuilderflooringsf.com/pdp/resilient/optimum-512c-plus/spalted-maple/VE210-02084", "image": "lvp.jpg" },
  { "name": "Wall tile", "note": "Emser Cabo- Shore", "link": "https://www.emser.com/products/cabo?variant=39461269110897", "image": "Wall-tile.jpg" },
  { "name": "Backsplash", "note": "Emser Catch Matte- Ice", "link": "https://www.emser.com/products/catch-matte?variant=39763678232689", "image": "Backsplash.jpg" },
  { "name": "Range", "note": "GE 30\" 4 burner SS Range", "link": "https://www.homedepot.com/p/GE-30-in-4-Burner-Element-Free-Standing-Electric-Range-in-Stainless-Steel-w-Stainless-Knobs-GRF40HSVSS/329011820", "image": "range.jpg" },
  { "name": "Microwave", "note": "GE 1.6 cu. Ft. SS Microwave", "link": "https://www.homedepot.com/p/GE-1-6-cu-ft-Over-the-Range-Microwave-in-Stainless-Steel-JVM3160RFSS/204394354", "image": "microwave.jpg" },
  { "name": "Dishwasher", "note": "GE Built-in Tall Tub SS w/ sanitize", "link": "https://www.homedepot.com/p/GE-24-in-Built-In-Tall-Tub-Top-Control-Stainless-Steel-Dishwasher-w-Sanitize-Dry-Boost-52-dBA-GDT550PYRFS/317761281", "image": "dishwasher.jpg" },
  { "name": "Cabinets", "note": "Northpoint- Catalina -Polar White", "link": "https://www.hardwareresources.com/northpoint-cabinets", "image": "cabinets.jpg" },
  { "name": "Countertop", "note": "", "link": "", "image": "" },
  { "name": "Ceiling Fans", "note": "Progress Trevina II 52\" Fan", "link": "https://progresslighting.com/products/trevina-ii-collection-52in-three-blade-ceiling-fan-p2553?_pos=1&_sid=1bca45a81&_ss=r&variant=46578354749692", "image": "fans.jpg" },
  { "name": "Vanity Lights", "note": "Progress Merry Matte Black", "link": "https://progresslighting.com/products/merry-collection-three-light-etched-white-glass-bath-vanity-wall-light-p300329?_pos=2&_sid=6f98a8e1e&_ss=r&variant=46578296324348", "image": "vanity-light.jpg" },
  { "name": "Exterior Lights", "note": "Progress Whitmore Matte Black", "link": "https://progresslighting.com/products/whitmire-collection-one-light-with-clear-seeded-glass-outdoor-wall-lantern-light-p560282?variant=46664171356412", "image": "exterior-lights.jpg" },
  { "name": "Dining Room Light", "note": "Progress Replay ", "link": "https://progresslighting.com/products/replay-collection-five-light-etched-white-glass-chandelier-light-p4319?variant=46578284855548", "image": "dining-room-light.jpg" },
  { "name": "Front Door Hardware", "note": "Schlage Century with Latitude Handle", "link": "https://www.homedepot.com/p/Schlage-Century-Matte-Black-Single-Cylinder-Door-Handleset-with-Latitude-Handle-F60-G-CEN-622-LAT/319938200", "image": "front-door-hardware.jpg" },
  { "name": "Door Hardware", "note": "Schlage Latitude Matte Black", "link": "https://www.homedepot.com/p/Schlage-Latitude-Matte-Black-Keyed-Entry-Door-Handle-F51A-G-LAT-622/310640472", "image": "door-hardware.jpg" },
  { "name": "Towel Ring", "note": "Gatco Latitude II -Matte Black", "link": "https://www.homedepot.com/p/Gatco-Latitude-II-Towel-Ring-in-Matte-Black-4242MX/300147451", "image": "towel-ring.jpg" },
  { "name": "Towel Bar", "note": "Glacier Bay Dorind- Matte Black", "link": "https://www.homedepot.com/p/Glacier-Bay-Dorind-24-in-Towel-Bar-in-Matte-Black-20202-0210H/322302855", "image": "towel-bar.jpg" },
  { "name": "Cabinet Hardware", "note": "5-1/6\" Matte Black Cabinet Pull", "link": "https://www.homedepot.com/p/Franklin-Brass-30-Pack-Simple-Bar-5-1-16-in-128-mm-Modern-Matte-Black-Cabinet-Drawer-Pulls-P46642K-FB-B2/321239025", "image": "cabinet-hardware.jpg" }
]
